Time (s),Volume (m^3),Ar,He,Ne,N2,C6H14(1),C2H2(2),C2H4(3),C2H6(4),C3H8(5),C3H6(6),CH4(7),CH3(8),CH2(9),C6H6(10),H2(11),H(12)
0.0,0.13078664456,0.46346346346346345,0.0,0.0,0.0,0.07307307307307306,0.0,0.0,0.0,0.0,0.0,0.0,0.0,0.0,0.0,0.46346346346346345,0.0
